{
    "color": [
        94,
        104,
        62,
        1
    ],
    "center": [
        0.19,
        0.208,
        3.632
    ],
    "size": [
        2.995,
        2.913,
        7.264
    ],
    "lod0Pixel": 2,
    "lod": [
        {
            "url": "2.gltf"
        },
        {
            "url": "4.gltf"
        },
        {
            "url": "8.gltf"
        },
        {
            "url": "16.gltf"
        },
        {
            "url": "32.gltf"
        },
        {
            "url": "64.gltf"
        },
        {
            "url": "128.gltf"
        },
        {
            "url": "256.gltf"
        },
        {
            "url": "512.gltf"
        },
        {
            "url": "1024.gltf"
        }
    ]
}