{"count":30,"files":[{"file":"h_00000","height":512,"offsetU":0.0,"offsetV":0.0,"scaleU":0.0625,"scaleV":0.5,"width":256},{"file":"h_00001","height":512,"offsetU":0.0625,"offsetV":0.0,"scaleU":0.0625,"scaleV":0.5,"width":256},{"file":"h_00002","height":512,"offsetU":0.125,"offsetV":0.0,"scaleU":0.0625,"scaleV":0.5,"width":256},{"file":"h_00003","height":512,"offsetU":0.1875,"offsetV":0.0,"scaleU":0.0625,"scaleV":0.5,"width":256},{"file":"h_00004","height":512,"offsetU":0.25,"offsetV":0.0,"scaleU":0.0625,"scaleV":0.5,"width":256},{"file":"h_00005","height":512,"offsetU":0.3125,"offsetV":0.0,"scaleU":0.0625,"scaleV":0.5,"width":256},{"file":"h_00006","height":512,"offsetU":0.375,"offsetV":0.0,"scaleU":0.0625,"scaleV":0.5,"width":256},{"file":"h_00007","height":512,"offsetU":0.4375,"offsetV":0.0,"scaleU":0.0625,"scaleV":0.5,"width":256},{"file":"h_00008","height":512,"offsetU":0.5,"offsetV":0.0,"scaleU":0.0625,"scaleV":0.5,"width":256},{"file":"h_00009","height":512,"offsetU":0.5625,"offsetV":0.0,"scaleU":0.0625,"scaleV":0.5,"width":256},{"file":"h_00010","height":512,"offsetU":0.625,"offsetV":0.0,"scaleU":0.0625,"scaleV":0.5,"width":256},{"file":"h_00011","height":512,"offsetU":0.6875,"offsetV":0.0,"scaleU":0.0625,"scaleV":0.5,"width":256},{"file":"h_00012","height":512,"offsetU":0.75,"offsetV":0.0,"scaleU":0.0625,"scaleV":0.5,"width":256},{"file":"h_00013","height":512,"offsetU":0.8125,"offsetV":0.0,"scaleU":0.0625,"scaleV":0.5,"width":256},{"file":"h_00014","height":512,"offsetU":0.875,"offsetV":0.0,"scaleU":0.0625,"scaleV":0.5,"width":256},{"file":"h_00015","height":512,"offsetU":0.9375,"offsetV":0.0,"scaleU":0.0625,"scaleV":0.5,"width":256},{"file":"h_00016","height":512,"offsetU":0.0,"offsetV":0.5,"scaleU":0.0625,"scaleV":0.5,"width":256},{"file":"h_00017","height":512,"offsetU":0.0625,"offsetV":0.5,"scaleU":0.0625,"scaleV":0.5,"width":256},{"file":"h_00018","height":512,"offsetU":0.125,"offsetV":0.5,"scaleU":0.0625,"scaleV":0.5,"width":256},{"file":"h_00019","height":512,"offsetU":0.1875,"offsetV":0.5,"scaleU":0.0625,"scaleV":0.5,"width":256},{"file":"h_00020","height":512,"offsetU":0.25,"offsetV":0.5,"scaleU":0.0625,"scaleV":0.5,"width":256},{"file":"h_00021","height":512,"offsetU":0.3125,"offsetV":0.5,"scaleU":0.0625,"scaleV":0.5,"width":256},{"file":"h_00022","height":512,"offsetU":0.375,"offsetV":0.5,"scaleU":0.0625,"scaleV":0.5,"width":256},{"file":"h_00023","height":512,"offsetU":0.4375,"offsetV":0.5,"scaleU":0.0625,"scaleV":0.5,"width":256},{"file":"h_00024","height":512,"offsetU":0.5,"offsetV":0.5,"scaleU":0.0625,"scaleV":0.5,"width":256},{"file":"h_00025","height":512,"offsetU":0.5625,"offsetV":0.5,"scaleU":0.0625,"scaleV":0.5,"width":256},{"file":"h_00026","height":512,"offsetU":0.625,"offsetV":0.5,"scaleU":0.0625,"scaleV":0.5,"width":256},{"file":"h_00027","height":512,"offsetU":0.6875,"offsetV":0.5,"scaleU":0.0625,"scaleV":0.5,"width":256},{"file":"h_00028","height":512,"offsetU":0.75,"offsetV":0.5,"scaleU":0.0625,"scaleV":0.5,"width":256},{"file":"h_00029","height":512,"offsetU":0.8125,"offsetV":0.5,"scaleU":0.0625,"scaleV":0.5,"width":256}],"height":1024,"width":4096}